custom_faces/s2/0.pgm;2
custom_faces/s2/3.pgm;2
custom_faces/s2/5.pgm;2
custom_faces/s2/1.pgm;2
custom_faces/s2/6.pgm;2
custom_faces/s2/7.pgm;2
custom_faces/s2/2.pgm;2
custom_faces/s2/4.pgm;2
custom_faces/s2/9.pgm;2
custom_faces/s2/8.pgm;2
custom_faces/s1/0.pgm;1
custom_faces/s1/3.pgm;1
custom_faces/s1/5.pgm;1
custom_faces/s1/1.pgm;1
custom_faces/s1/6.pgm;1
custom_faces/s1/7.pgm;1
custom_faces/s1/2.pgm;1
custom_faces/s1/4.pgm;1
custom_faces/s1/9.pgm;1
custom_faces/s1/8.pgm;1
custom_faces/s5/0.pgm;5
custom_faces/s5/3.pgm;5
custom_faces/s5/5.pgm;5
custom_faces/s5/1.pgm;5
custom_faces/s5/6.pgm;5
custom_faces/s5/7.pgm;5
custom_faces/s5/2.pgm;5
custom_faces/s5/4.pgm;5
custom_faces/s5/9.pgm;5
custom_faces/s5/8.pgm;5
custom_faces/s4/0.pgm;4
custom_faces/s4/3.pgm;4
custom_faces/s4/5.pgm;4
custom_faces/s4/1.pgm;4
custom_faces/s4/6.pgm;4
custom_faces/s4/7.pgm;4
custom_faces/s4/2.pgm;4
custom_faces/s4/4.pgm;4
custom_faces/s4/9.pgm;4
custom_faces/s4/8.pgm;4
custom_faces/s3/0.pgm;3
custom_faces/s3/3.pgm;3
custom_faces/s3/5.pgm;3
custom_faces/s3/1.pgm;3
custom_faces/s3/6.pgm;3
custom_faces/s3/7.pgm;3
custom_faces/s3/2.pgm;3
custom_faces/s3/4.pgm;3
custom_faces/s3/9.pgm;3
custom_faces/s3/8.pgm;3
